{
  "a0": 0.2011176147259423,
  "a1": 0.18057656771796937,
  "b0": 0.17896802419821045,
  "b1": -0.1931087104865125,
  "rho": -0.035,
  "scale": 100.0
}