{
  "a0": 0.20128350104309792,
  "a1": 0.1805703226394327,
  "b0": 0.178094825869805,
  "b1": -0.19324564296150087,
  "rho": -0.035,
  "scale": 100.0
}