{
  "a0": 0.2609138501955515,
  "a1": 0.186696674964036,
  "b0": 0.16638317742072797,
  "b1": -0.20841820263142177,
  "rho": -0.04000000000000001,
  "scale": 100.0
}