{
  "a0": 0.26085010096114647,
  "a1": 0.18667650173410533,
  "b0": 0.1664374728145669,
  "b1": -0.20840285615357093,
  "rho": -0.04000000000000001,
  "scale": 100.0
}