{
  "a0": 0.2608627215969079,
  "a1": 0.18670398498839688,
  "b0": 0.1663201729780104,
  "b1": -0.2084727812876458,
  "rho": -0.04000000000000001,
  "scale": 100.0
}