{
  "a0": 0.260373284485192,
  "a1": 0.186771282650956,
  "b0": 0.1664704203516629,
  "b1": -0.20847743411163033,
  "rho": -0.04000000000000001,
  "scale": 100.0
}