{
  "a0": 0.2022783989343359,
  "a1": 0.18045057169779902,
  "b0": 0.17757645464356564,
  "b1": -0.19349149084008851,
  "rho": -0.035,
  "scale": 100.0
}