{
  "a0": 0.26070388107906944,
  "a1": 0.18668460432495557,
  "b0": 0.16633553767477324,
  "b1": -0.20840087676661423,
  "rho": -0.04000000000000001,
  "scale": 100.0
}