{
  "a0": 0.20062573881074774,
  "a1": 0.1803821458689221,
  "b0": 0.1771783207715382,
  "b1": -0.19322473791987274,
  "rho": -0.03,
  "scale": 100.0
}