{
  "a0": 0.20214462894730437,
  "a1": 0.1806639768961796,
  "b0": 0.18587277515948647,
  "b1": -0.19262669773249552,
  "rho": -0.035,
  "scale": 100.0
}