{
  "a0": 0.2603818014454017,
  "a1": 0.186763427465794,
  "b0": 0.16644232119983166,
  "b1": -0.2084903034797381,
  "rho": -0.04000000000000001,
  "scale": 100.0
}