{
  "a0": 0.20061983491489868,
  "a1": 0.1807447502672499,
  "b0": 0.1797641309930954,
  "b1": -0.19284333689368627,
  "rho": -0.035,
  "scale": 100.0
}