{
  "a0": 0.20118778304190138,
  "a1": 0.18053465630723775,
  "b0": 0.17833648597378457,
  "b1": -0.1931991145202871,
  "rho": -0.035,
  "scale": 100.0
}