{
  "a0": 0.20092829341701668,
  "a1": 0.18064704564655823,
  "b0": 0.1796159208337497,
  "b1": -0.1930361823467668,
  "rho": -0.035,
  "scale": 100.0
}