{
  "a0": 0.20125443272160995,
  "a1": 0.18052340041022494,
  "b0": 0.1783684680729688,
  "b1": -0.19319606007660428,
  "rho": -0.03,
  "scale": 100.0
}