{
  "a0": 0.260832809840022,
  "a1": 0.18671601534283216,
  "b0": 0.16628182229589475,
  "b1": -0.20843727792772923,
  "rho": -0.04000000000000001,
  "scale": 100.0
}