{
  "a0": 0.2604723729406496,
  "a1": 0.18673617133752882,
  "b0": 0.16646073412820406,
  "b1": -0.20848378027313944,
  "rho": -0.04000000000000001,
  "scale": 100.0
}