{
  "a0": 0.260467637328805,
  "a1": 0.18673466632881403,
  "b0": 0.16633644338435388,
  "b1": -0.20845142249313015,
  "rho": -0.04000000000000001,
  "scale": 100.0
}