{
  "a0": 0.2013746924991282,
  "a1": 0.1805507929582565,
  "b0": 0.17896802419821045,
  "b1": -0.1931087104865125,
  "rho": -0.035,
  "scale": 100.0
}