{
  "a0": 0.20125443272160998,
  "a1": 0.1805234004102249,
  "b0": 0.1783684680729688,
  "b1": -0.19319606007660428,
  "rho": -0.03,
  "scale": 100.0
}