{
  "a0": 0.20206249267882295,
  "a1": 0.18067722370405512,
  "b0": 0.1855328598425067,
  "b1": -0.19265930051187408,
  "rho": -0.03,
  "scale": 100.0
}