{
  "a0": 0.2608042790629911,
  "a1": 0.18672140693311673,
  "b0": 0.16637775144218334,
  "b1": -0.20847164295047352,
  "rho": -0.04000000000000001,
  "scale": 100.0
}