{
  "a0": 0.2010531967855412,
  "a1": 0.18047192421098499,
  "b0": 0.17753367100809786,
  "b1": -0.19306713453357705,
  "rho": -0.03,
  "scale": 100.0
}