{
  "a0": 0.20201397922390454,
  "a1": 0.18039528116449716,
  "b0": 0.17798073586676727,
  "b1": -0.19328224721783718,
  "rho": -0.035,
  "scale": 100.0
}