{
  "a0": 0.26046120220115254,
  "a1": 0.1867276761147493,
  "b0": 0.16646336420712685,
  "b1": -0.20850313797100217,
  "rho": -0.04000000000000001,
  "scale": 100.0
}