{
  "a0": 0.201816178896629,
  "a1": 0.18047481339595595,
  "b0": 0.17813544924411212,
  "b1": -0.19335772592951397,
  "rho": -0.035,
  "scale": 100.0
}