{
  "a0": 0.26070814735319225,
  "a1": 0.18673232812139345,
  "b0": 0.1663323528479489,
  "b1": -0.2084211364803493,
  "rho": -0.04000000000000001,
  "scale": 100.0
}