{
  "a0": 0.2007290073985663,
  "a1": 0.18047109994730343,
  "b0": 0.178034716400338,
  "b1": -0.1930008651088033,
  "rho": -0.03,
  "scale": 100.0
}