{
  "a0": 0.20071761800873042,
  "a1": 0.18073687234156474,
  "b0": 0.1794735630891504,
  "b1": -0.19290645457590147,
  "rho": -0.035,
  "scale": 100.0
}