{
  "a0": 0.2608427297365452,
  "a1": 0.1867186252294338,
  "b0": 0.1663835840259719,
  "b1": -0.20848976542420836,
  "rho": -0.04000000000000001,
  "scale": 100.0
}