{
  "a0": 0.2007769636489654,
  "a1": 0.18050098405422518,
  "b0": 0.1779618100885958,
  "b1": -0.19297394098735515,
  "rho": -0.03,
  "scale": 100.0
}