{
  "a0": 0.2007817943040688,
  "a1": 0.18073383602342227,
  "b0": 0.17952805504918765,
  "b1": -0.19289295624965724,
  "rho": -0.035,
  "scale": 100.0
}