{
  "a0": 0.20134079945717323,
  "a1": 0.18078313681742664,
  "b0": 0.18441657509023066,
  "b1": -0.19280576313148456,
  "rho": -0.035,
  "scale": 100.0
}