{
  "a0": 0.26078424019706115,
  "a1": 0.18668885950537092,
  "b0": 0.16639575218249572,
  "b1": -0.2084270576739957,
  "rho": -0.04000000000000001,
  "scale": 100.0
}