{
  "a0": 0.20137948789881008,
  "a1": 0.18054313666427904,
  "b0": 0.17795747886275345,
  "b1": -0.19334574837205196,
  "rho": -0.035,
  "scale": 100.0
}